[
  {
    "orderId": "O-10001",
    "riderId": "R-001",
    "baseFee": 5.0,
    "distanceSubsidy": 2.5,
    "weightSubsidy": 0.0,
    "periodSubsidy": 1.0,
    "platformReward": 0.5,
    "tip": 2.0,
    "penalties": { "timeout": 0.0, "complaint": 0.0, "cancel": 0.0 },
    "settlement": { "date": "2025-11-05", "amount": 11.0, "status": "待发放" }
  },
  {
    "orderId": "O-10002",
    "riderId": "R-002",
    "baseFee": 5.0,
    "distanceSubsidy": 3.0,
    "weightSubsidy": 0.5,
    "periodSubsidy": 0.0,
    "platformReward": 1.0,
    "tip": 0.0,
    "penalties": { "timeout": 1.0, "complaint": 0.0, "cancel": 0.0 },
    "settlement": { "date": "2025-11-05", "amount": 8.5, "status": "待发放" }
  },
  {
    "orderId": "O-10003",
    "riderId": "R-003",
    "baseFee": 0.0,
    "distanceSubsidy": 0.0,
    "weightSubsidy": 0.0,
    "periodSubsidy": 0.0,
    "platformReward": 0.0,
    "tip": 0.0,
    "penalties": { "timeout": 0.0, "complaint": 0.0, "cancel": 0.5 },
    "settlement": { "date": "2025-11-05", "amount": -0.5, "status": "已结算" }
  },
  {
    "orderId": "O-10004",
    "riderId": "R-001",
    "baseFee": 5.0,
    "distanceSubsidy": 2.0,
    "weightSubsidy": 0.0,
    "periodSubsidy": 1.0,
    "platformReward": 2.0,
    "tip": 0.0,
    "penalties": { "timeout": 0.0, "complaint": 0.0, "cancel": 0.0 },
    "settlement": { "date": "2025-11-05", "amount": 10.0, "status": "待发放" }
  },
  {
    "orderId": "O-10005",
    "riderId": "R-004",
    "baseFee": 5.0,
    "distanceSubsidy": 3.5,
    "weightSubsidy": 1.0,
    "periodSubsidy": 0.0,
    "platformReward": 0.0,
    "tip": 1.0,
    "penalties": { "timeout": 0.0, "complaint": 0.0, "cancel": 0.0 },
    "settlement": { "date": "2025-11-05", "amount": 10.5, "status": "待发放" }
  },
  {
    "orderId": "O-10006",
    "riderId": "R-002",
    "baseFee": 5.0,
    "distanceSubsidy": 4.0,
    "weightSubsidy": 0.0,
    "periodSubsidy": 0.0,
    "platformReward": 0.0,
    "tip": 0.0,
    "penalties": { "timeout": 1.5, "complaint": 0.0, "cancel": 0.0 },
    "settlement": { "date": "2025-11-05", "amount": 7.5, "status": "待发放" }
  },
  {
    "orderId": "O-10007",
    "riderId": "R-005",
    "baseFee": 5.0,
    "distanceSubsidy": 2.0,
    "weightSubsidy": 0.0,
    "periodSubsidy": 0.0,
    "platformReward": 0.0,
    "tip": 0.0,
    "penalties": { "timeout": 0.0, "complaint": 0.0, "cancel": 0.0 },
    "settlement": { "date": "2025-11-05", "amount": 7.0, "status": "待发放" }
  },
  {
    "orderId": "O-10008",
    "riderId": "R-004",
    "baseFee": 5.0,
    "distanceSubsidy": 3.0,
    "weightSubsidy": 0.0,
    "periodSubsidy": 1.0,
    "platformReward": 0.0,
    "tip": 0.0,
    "penalties": { "timeout": 0.0, "complaint": 0.0, "cancel": 0.0 },
    "settlement": { "date": "2025-11-05", "amount": 9.0, "status": "待发放" }
  }
]